Model,F1 Score,ROC-AUC,Recall,Precision,Optimal Threshold,TP,FP,FN,TN,Model Object
Logistic Regression,1.0,1.0,1.0,1.0,0.9581223128701846,32,0,0,221,"LogisticRegression(C=0.1, class_weight='balanced', max_iter=2000,
                   random_state=42, solver='liblinear')"
Random Forest,1.0,1.0,1.0,1.0,0.4415214653959231,32,0,0,221,"RandomForestClassifier(class_weight='balanced', max_depth=5,
                       min_samples_leaf=10, min_samples_split=20, n_jobs=-1,
                       random_state=42)"
Decision Tree,1.0,1.0,1.0,1.0,1.0,32,0,0,221,"DecisionTreeClassifier(class_weight='balanced', max_depth=4,
                       min_samples_leaf=10, min_samples_split=20,
                       random_state=42)"
XGBoost,1.0,1.0,1.0,1.0,0.9950886368751526,32,0,0,221,"XGBClassifier(base_score=None, booster=None, callbacks=None,
              colsample_bylevel=None, colsample_bynode=None,
              colsample_bytree=None, device=None, early_stopping_rounds=None,
              enable_categorical=False, eval_metric='logloss',
              feature_types=None, feature_weights=None, gamma=None,
              grow_policy=None, importance_type=None,
              interaction_constraints=None, learning_rate=0.05, max_bin=None,
              max_cat_threshold=None, max_cat_to_onehot=None,
              max_delta_step=None, max_depth=3, max_leaves=None,
              min_child_weight=None, missing=nan, monotone_constraints=None,
              multi_strategy=None, n_estimators=100, n_jobs=None,
              num_parallel_tree=None, ...)"
LightGBM,1.0,1.0,1.0,1.0,0.9966895490828545,32,0,0,221,"LGBMClassifier(class_weight='balanced', learning_rate=0.05, max_depth=3,
               random_state=42, verbose=-1)"
CatBoost,1.0,1.0,1.0,1.0,0.997802338364789,32,0,0,221,"CatBoostClassifier(class_weights=[1, 1.335064935064935], depth=4, iterations=100, learning_rate=0.05, random_state=42, verbose=0)"
